Day,Running time
Monday,34.77855420059792
Tuesday,36.08878619860284
Wednesday,34.694168958610106
Thursday,26.54961535860582
Friday,23.42765607064306
Saturday,17.763068168825505
Sunday,52.20238353704488
