Day,David,Susan,James
Monday,27.882423019447305,24.59588147287073,11.120085630937755
Tuesday,25.928855055264737,15.063922900561629,14.037903683067412
Wednesday,24.91398075043356,23.985234867491183,17.869542255246735
Thursday,21.908622243702794,39.76892329159106,33.67066541926395
Friday,16.22921500208404,23.07733343875841,44.729270604143906
Saturday,39.70453368582579,10.29967862881756,43.312028248486044
Sunday,26.08340345225763,33.85007584036626,39.81425210469202
